id,text,label
801,"In the matter of the contractual dispute between TechCorp International and Global Logistics Partners, the parties engaged in extensive mediation over fourteen months regarding service level agreement breaches. Despite establishing a joint technical committee to review API integration failures and implementing temporary service credits, the parties failed to resolve core disagreements around cloud infrastructure uptime guarantees. The Superior Court of California subsequently granted TechCorp's motion for summary judgment under Civil Code § 3371, finding Global Logistics materially breached Section 8.2(a) of the Master Services Agreement by sustaining 93 hours of unplanned downtime in Q3 2022. The court ordered specific performance of SLA audit provisions and imposed liquidated damages of $2.8 million pursuant to Section 12.4's penalty clauses.",court

802,"Through facilitated negotiations supervised by former Chief Justice Roberts, the pharmaceutical consortium and generic manufacturers reached a landmark settlement agreement. Key terms include: 1) Revised royalty structures with graduated payment thresholds (5% on first $50M annual sales, 3% thereafter); 2) Territory-specific licensing provisions allowing staggered market entry; 3) Dispute resolution protocols requiring mandatory cooling-off periods and three-tier arbitration (AAA → ICC → Final Offer). The 148-page agreement incorporates dynamic force majeure clauses accounting for pandemic-related clinical trial delays and establishes an independent compliance monitor to oversee API quality standards through 2030.",negotiable

803,"The Federal Circuit's 87-page opinion in _Innovative Patents LLC v. Manufacturing Giants Inc._ affirmed the district court's permanent injunction against component sales under 35 U.S.C. § 283. The panel emphasized the irreparable harm caused by ongoing infringement of Patent No. US 11,234,567B2 covering 5G antenna arrays. Despite defendant's arguments about public interest in telecommunications infrastructure, the court mandated: 1) Immediate recall of infringing inventory; 2) Establishment of $25M escrow account for potential licensee compensation; 3) Mandatory FRAND licensing negotiations supervised by a special master. The decision cites recent SCOTUS precedent in _eBay Inc. v. MercExchange_ regarding four-factor injunction tests.",court

804,"Following six months of shuttle diplomacy led by UN mediation experts, the energy conglomerates finalized a revised joint operating agreement. Key negotiated provisions: • Phase-in environmental compliance schedules aligned with Paris Accord targets • Adaptive profit-sharing formulas incorporating carbon credit valuations • Dispute prevention protocols requiring quarterly executive summits • Three-person technical arbitration panel (1 industry, 1 environmental, 1 neutral chair) • Force majeure language encompassing renewable energy subsidy changes The 212-page contract includes sunset clauses terminating certain provisions upon achieving 40% emissions reduction, with automatic renewal triggers based on COP26 benchmarks.",negotiable

805,"In _State Labor Board v. MegaRetail Inc._, the court enforced administrative subpoenas under 29 U.S.C. § 161(2) compelling production of: 1) Timekeeping system metadata from 2018-2023; 2) Store manager training materials; 3) Regional payroll audit reports. Rejecting claims of undue burden, Magistrate Judge Torres ordered compliance within 14 days, noting patterns of wage statement violations in prior consent decrees. The 63-page opinion establishes precedent for digital forensic discovery in FLSA collective actions, requiring defendants to provide API access to workforce management systems for plaintiff expert analysis.",court

806,"The cross-border merger agreement between AutoTech EU and Mobility Asia features innovative negotiation-derived safeguards: §4.2(b) - Earn-out calculations using EBITDA-adjusted currency hedges §7.3 - Cultural integration milestones with neutral compliance monitors §12.8 - Bilingual arbitration (English/Mandarin) using UNCITRAL rules §22.4 - Supply chain resiliency protocols requiring dual sourcing for 70% of components Parties agreed to staged implementation through 2026, with material adverse change clauses suspending obligations if EV subsidy differentials exceed 15% between EU and ASEAN markets.",negotiable